sample,response_id,question_code,question,response,theme_code_1,theme_code_2,notes
Primary eligible sample,R_1Qg5iR6G4jMrbSQ,Q9,Were there any required or non-required BCS classes that you wanted to take but did not take?,No,,,
Primary eligible sample,R_1lE1Nmij6dPrMQr,Q19,"What did you dislike about being a BCS major? (e.g., required classes, professors, lack of career preparation etc.)",asdfasdc,,,
Primary eligible sample,R_1lE1Nmij6dPrMQr,Q29,Is there any course you believe should (or should not) be a required course?,df,,,
Primary eligible sample,R_1lE1Nmij6dPrMQr,Q9,Were there any required or non-required BCS classes that you wanted to take but did not take?,Yes,,,
Primary eligible sample,R_1lE1Nmij6dPrMQr,Q25,Which courses OUTSIDE the BCS department were most useful in preparing you for your current job/role? (Think allied field courses or related foundational courses),afa,,,
Primary eligible sample,R_1lE1Nmij6dPrMQr,Q27,"Looking back, what would you change about the BCS program? (e.g., requirements, track options, frequency of course offerings etc.)",asdfad,,,
Primary eligible sample,R_1lE1Nmij6dPrMQr,Q38,What was your favorite BCS course(s) or the course(s) you enjoyed the most?,asdfas,,,
Primary eligible sample,R_1lE1Nmij6dPrMQr,Q28,Please share anything else you feel is important about your experience.,asdfa,,,
Primary eligible sample,R_1lE1Nmij6dPrMQr,Q42,"Give us feedback on how it was taking the survey, in terms or format and content please!",asdfad,,,
Primary eligible sample,R_5Jw66GwOkGb0TkN,Q9,Were there any required or non-required BCS classes that you wanted to take but did not take?,Yes,,,
Primary eligible sample,R_1yFv04HFCID5wOZ,Q19,"What did you dislike about being a BCS major? (e.g., required classes, professors, lack of career preparation etc.)","Sometimes it feels too interdepartmental, and I want more hands on experience",,,
Primary eligible sample,R_1yFv04HFCID5wOZ,Q29,Is there any course you believe should (or should not) be a required course?,Bio 110–teach relevant information in BCS 110 and expand in BCS 240 if needed.,,,
Primary eligible sample,R_1yFv04HFCID5wOZ,Q9,Were there any required or non-required BCS classes that you wanted to take but did not take?,Yes,,,
Primary eligible sample,R_1yFv04HFCID5wOZ,Q38,What was your favorite BCS course(s) or the course(s) you enjoyed the most?,BCS 247 and 240,,,
Primary eligible sample,R_7kd0gCDrxhsU1d7,Q9,Were there any required or non-required BCS classes that you wanted to take but did not take?,Yes,,,
Primary eligible sample,R_5Ibo1Ooa4aNnO0G,Q19,"What did you dislike about being a BCS major? (e.g., required classes, professors, lack of career preparation etc.)",Some of the classes were boring and unnecessary for me (BCS 151/152),,,
Primary eligible sample,R_5Ibo1Ooa4aNnO0G,Q29,Is there any course you believe should (or should not) be a required course?,Child Development,,,
Primary eligible sample,R_5Ibo1Ooa4aNnO0G,Q9,Were there any required or non-required BCS classes that you wanted to take but did not take?,Yes,,,
Primary eligible sample,R_5Ibo1Ooa4aNnO0G,Q25,Which courses OUTSIDE the BCS department were most useful in preparing you for your current job/role? (Think allied field courses or related foundational courses),Research Methods but thats because my career is psych research,,,
Primary eligible sample,R_5Ibo1Ooa4aNnO0G,Q26_1_TEXT,Is there a class or topic not currently offered that you wish had been? - Yes - please describe - Text,Research methods in psychology,,,
Primary eligible sample,R_5Ibo1Ooa4aNnO0G,Q27,"Looking back, what would you change about the BCS program? (e.g., requirements, track options, frequency of course offerings etc.)",More classes on child development,,,
Primary eligible sample,R_5Ibo1Ooa4aNnO0G,Q38,What was your favorite BCS course(s) or the course(s) you enjoyed the most?,"Autism and other intellectual disabilities, child development too",,,
Primary eligible sample,R_5Ibo1Ooa4aNnO0G,Q28,Please share anything else you feel is important about your experience.,"I think 151 and 152 should not be core courses because they were not that useful for me since my career and expertise is not in sensory or language processing, i think they should be optional for people who want to persue thoses pathways",,,
Primary eligible sample,R_5Ibo1Ooa4aNnO0G,Q21,"Please tell us more about your field, job, or program.",I do research for children's cognition,,,
Primary eligible sample,R_5Ibo1Ooa4aNnO0G,Q42,"Give us feedback on how it was taking the survey, in terms or format and content please!",Looks good! Maybe see if it would be necessary to provide an option for participants to add their email if they consent to follow ups (if necessary),,,
Primary eligible sample,R_7CrSp28TGNr37yW,Q19,"What did you dislike about being a BCS major? (e.g., required classes, professors, lack of career preparation etc.)","We’re supposed to follow “tracks” but often the classes we would need to take aren’t even offered. I like the idea of tracks but it’s not feasible when classes are not consistently offered, which was another downside of being a BCS major.",,,
Primary eligible sample,R_7CrSp28TGNr37yW,Q29,Is there any course you believe should (or should not) be a required course?,"Linguistics, computer science, calculus",,,
Primary eligible sample,R_7CrSp28TGNr37yW,Q9,Were there any required or non-required BCS classes that you wanted to take but did not take?,Yes,,,
Primary eligible sample,R_7CrSp28TGNr37yW,Q25,Which courses OUTSIDE the BCS department were most useful in preparing you for your current job/role? (Think allied field courses or related foundational courses),"BME 258 (anatomy), biol204 (physiology), MBI 220 (microbio), physics",,,
Primary eligible sample,R_7CrSp28TGNr37yW,Q26_1_TEXT,Is there a class or topic not currently offered that you wish had been? - Yes - please describe - Text,Vision and the eye,,,
Primary eligible sample,R_7CrSp28TGNr37yW,Q27,"Looking back, what would you change about the BCS program? (e.g., requirements, track options, frequency of course offerings etc.)","'- not making CS or ling required
- vision and the eye being offered
- not making BCSC240 a pre requisite for so many classes",,,
Primary eligible sample,R_7CrSp28TGNr37yW,Q38,What was your favorite BCS course(s) or the course(s) you enjoyed the most?,"BCSC 220, 242, 151",,,
Primary eligible sample,R_7CrSp28TGNr37yW,Q21,"Please tell us more about your field, job, or program.",Optometry student,,,
Primary eligible sample,R_7CrSp28TGNr37yW,Q42,"Give us feedback on how it was taking the survey, in terms or format and content please!","Survey was good, some questions felt repetitive and one question was repeated verbatim",,,
Sensitivity sample excluding probable low-quality response,R_1Qg5iR6G4jMrbSQ,Q9,Were there any required or non-required BCS classes that you wanted to take but did not take?,No,,,
Sensitivity sample excluding probable low-quality response,R_5Jw66GwOkGb0TkN,Q9,Were there any required or non-required BCS classes that you wanted to take but did not take?,Yes,,,
Sensitivity sample excluding probable low-quality response,R_1yFv04HFCID5wOZ,Q19,"What did you dislike about being a BCS major? (e.g., required classes, professors, lack of career preparation etc.)","Sometimes it feels too interdepartmental, and I want more hands on experience",,,
Sensitivity sample excluding probable low-quality response,R_1yFv04HFCID5wOZ,Q29,Is there any course you believe should (or should not) be a required course?,Bio 110–teach relevant information in BCS 110 and expand in BCS 240 if needed.,,,
Sensitivity sample excluding probable low-quality response,R_1yFv04HFCID5wOZ,Q9,Were there any required or non-required BCS classes that you wanted to take but did not take?,Yes,,,
Sensitivity sample excluding probable low-quality response,R_1yFv04HFCID5wOZ,Q38,What was your favorite BCS course(s) or the course(s) you enjoyed the most?,BCS 247 and 240,,,
Sensitivity sample excluding probable low-quality response,R_7kd0gCDrxhsU1d7,Q9,Were there any required or non-required BCS classes that you wanted to take but did not take?,Yes,,,
Sensitivity sample excluding probable low-quality response,R_5Ibo1Ooa4aNnO0G,Q19,"What did you dislike about being a BCS major? (e.g., required classes, professors, lack of career preparation etc.)",Some of the classes were boring and unnecessary for me (BCS 151/152),,,
Sensitivity sample excluding probable low-quality response,R_5Ibo1Ooa4aNnO0G,Q29,Is there any course you believe should (or should not) be a required course?,Child Development,,,
Sensitivity sample excluding probable low-quality response,R_5Ibo1Ooa4aNnO0G,Q9,Were there any required or non-required BCS classes that you wanted to take but did not take?,Yes,,,
Sensitivity sample excluding probable low-quality response,R_5Ibo1Ooa4aNnO0G,Q25,Which courses OUTSIDE the BCS department were most useful in preparing you for your current job/role? (Think allied field courses or related foundational courses),Research Methods but thats because my career is psych research,,,
Sensitivity sample excluding probable low-quality response,R_5Ibo1Ooa4aNnO0G,Q26_1_TEXT,Is there a class or topic not currently offered that you wish had been? - Yes - please describe - Text,Research methods in psychology,,,
Sensitivity sample excluding probable low-quality response,R_5Ibo1Ooa4aNnO0G,Q27,"Looking back, what would you change about the BCS program? (e.g., requirements, track options, frequency of course offerings etc.)",More classes on child development,,,
Sensitivity sample excluding probable low-quality response,R_5Ibo1Ooa4aNnO0G,Q38,What was your favorite BCS course(s) or the course(s) you enjoyed the most?,"Autism and other intellectual disabilities, child development too",,,
Sensitivity sample excluding probable low-quality response,R_5Ibo1Ooa4aNnO0G,Q28,Please share anything else you feel is important about your experience.,"I think 151 and 152 should not be core courses because they were not that useful for me since my career and expertise is not in sensory or language processing, i think they should be optional for people who want to persue thoses pathways",,,
Sensitivity sample excluding probable low-quality response,R_5Ibo1Ooa4aNnO0G,Q21,"Please tell us more about your field, job, or program.",I do research for children's cognition,,,
Sensitivity sample excluding probable low-quality response,R_5Ibo1Ooa4aNnO0G,Q42,"Give us feedback on how it was taking the survey, in terms or format and content please!",Looks good! Maybe see if it would be necessary to provide an option for participants to add their email if they consent to follow ups (if necessary),,,
Sensitivity sample excluding probable low-quality response,R_7CrSp28TGNr37yW,Q19,"What did you dislike about being a BCS major? (e.g., required classes, professors, lack of career preparation etc.)","We’re supposed to follow “tracks” but often the classes we would need to take aren’t even offered. I like the idea of tracks but it’s not feasible when classes are not consistently offered, which was another downside of being a BCS major.",,,
Sensitivity sample excluding probable low-quality response,R_7CrSp28TGNr37yW,Q29,Is there any course you believe should (or should not) be a required course?,"Linguistics, computer science, calculus",,,
Sensitivity sample excluding probable low-quality response,R_7CrSp28TGNr37yW,Q9,Were there any required or non-required BCS classes that you wanted to take but did not take?,Yes,,,
Sensitivity sample excluding probable low-quality response,R_7CrSp28TGNr37yW,Q25,Which courses OUTSIDE the BCS department were most useful in preparing you for your current job/role? (Think allied field courses or related foundational courses),"BME 258 (anatomy), biol204 (physiology), MBI 220 (microbio), physics",,,
Sensitivity sample excluding probable low-quality response,R_7CrSp28TGNr37yW,Q26_1_TEXT,Is there a class or topic not currently offered that you wish had been? - Yes - please describe - Text,Vision and the eye,,,
Sensitivity sample excluding probable low-quality response,R_7CrSp28TGNr37yW,Q27,"Looking back, what would you change about the BCS program? (e.g., requirements, track options, frequency of course offerings etc.)","'- not making CS or ling required
- vision and the eye being offered
- not making BCSC240 a pre requisite for so many classes",,,
Sensitivity sample excluding probable low-quality response,R_7CrSp28TGNr37yW,Q38,What was your favorite BCS course(s) or the course(s) you enjoyed the most?,"BCSC 220, 242, 151",,,
Sensitivity sample excluding probable low-quality response,R_7CrSp28TGNr37yW,Q21,"Please tell us more about your field, job, or program.",Optometry student,,,
Sensitivity sample excluding probable low-quality response,R_7CrSp28TGNr37yW,Q42,"Give us feedback on how it was taking the survey, in terms or format and content please!","Survey was good, some questions felt repetitive and one question was repeated verbatim",,,
